{
  "wav_path": "../data/01_raw/2_record_mono/cicada_carpark.mono.wav",
  "loudness": 0.6566482359874104,
  "sharpness": 4.611929084446742,
  "roughness": 0.001205113429857605
}