{
  "wav_path": "../data/01_raw/2_record_mono/rain_lot.mono.wav",
  "loudness": 3.0407093419650515,
  "sharpness": 1.4825045074531817,
  "roughness": 0.008727220129553846
}