{
  "wav_path": "../data/01_raw/2_record_mono/rain_tap_umbrella.mono.wav",
  "loudness": 5.929063292904696,
  "sharpness": 1.3673580484110626,
  "roughness": 0.5468350488959769
}