{
  "wav_path": "../data/01_raw/2_record_mono/raindrops_tap_ground(asphalt).mono.wav",
  "loudness": 3.907902796238632,
  "sharpness": 2.3590402366307535,
  "roughness": 0.5344020033823266
}