{
  "wav_path": "../data/01_raw/2_record_mono/river_into_hand.mono.wav",
  "loudness": 2.7547991318400586,
  "sharpness": 1.7102644877243662,
  "roughness": 0.015030939013777722
}