{
  "wav_path": "../data/01_raw/2_record_mono/river_stone_throw.mono.wav",
  "loudness": 2.6411444473936037,
  "sharpness": 1.6676999847469096,
  "roughness": 0.10010917265722082
}