{
  "wav_path": "../data/01_raw/2_record_mono/shinkansen.mono.wav",
  "loudness": 7.71898476768785,
  "sharpness": 0.5644593752798176,
  "roughness": 0.058151354602161205
}