{
  "wav_path": "../data/01_raw/2_record_mono/tokyostation.mono.wav",
  "loudness": 18.28224599021454,
  "sharpness": 1.436602393104257,
  "roughness": 0.17019392179314966
}