{
  "wav_path": "../data/01_raw/2_record_mono/tokyocity_bakurocho.mono.wav",
  "loudness": 16.23837896925247,
  "sharpness": 1.1753977401098723,
  "roughness": 0.04478056386882339
}