{
  "wav_path": "data/wav-splits/1.バスタ新宿 4f 高速バス乗り場 C7乗り場前.mono.2.wav",
  "loudness": 3.096867422093612,
  "sharpness": 0.9801662004722295,
  "roughness": 0.012508521281724258
}