{
  "wav_path": "data/wav-splits/1.バスタ新宿 4f 高速バス乗り場 C7乗り場前.mono.1.wav",
  "loudness": 3.9765518735600396,
  "sharpness": 1.0458936987283836,
  "roughness": 0.01627072546818265
}