{
  "wav_path": "data/wav-splits/1.バスタ新宿 4f 高速バス乗り場 C7乗り場前.mono.4.wav",
  "loudness": 3.1020915864047214,
  "sharpness": 0.9718879335148133,
  "roughness": 0.011783935083352917
}