{
  "wav_path": "data/wav-splits/1.バスタ新宿 4f 高速バス乗り場 C7乗り場前.mono.3.wav",
  "loudness": 3.0730198763593335,
  "sharpness": 0.9453934664203708,
  "roughness": 0.012479849242144231
}