{
  "wav_path": "data/wav-splits/10.古市小学校前.mono.5.wav",
  "loudness": 1.143123189722339,
  "sharpness": 1.0421525500743651,
  "roughness": 0.0032777639215635598
}