{
  "wav_path": "data/wav-splits/10.古市小学校前.mono.4.wav",
  "loudness": 1.5360157422573564,
  "sharpness": 1.0919819563911712,
  "roughness": 0.010375842721648905
}