{
  "wav_path": "data/wav-splits/10.古市小学校前.mono.0.wav",
  "loudness": 1.2439047794097082,
  "sharpness": 1.0354332842950689,
  "roughness": 0.004985138651456593
}