{
  "wav_path": "data/wav-splits/10.古市小学校前.mono.3.wav",
  "loudness": 1.3105825763938117,
  "sharpness": 1.1108033184121913,
  "roughness": 0.03418794303645092
}