{
  "wav_path": "data/wav-splits/11.東大通パーク.mono.2.wav",
  "loudness": 2.9500672116504147,
  "sharpness": 1.1726305801221353,
  "roughness": 0.029248073664986263
}