{
  "wav_path": "data/wav-splits/11.東大通パーク.mono.0.wav",
  "loudness": 2.365141983262617,
  "sharpness": 1.0970601311093844,
  "roughness": 0.04788520006883398
}