{
  "wav_path": "data/wav-splits/11.東大通パーク.mono.1.wav",
  "loudness": 2.0730956093374058,
  "sharpness": 0.9622075511671866,
  "roughness": 0.0264109162560358
}