{
  "wav_path": "data/wav-splits/11.東大通パーク.mono.5.wav",
  "loudness": 2.1410784615208427,
  "sharpness": 0.9927035920177932,
  "roughness": 0.0181792557706951
}