{
  "wav_path": "data/wav-splits/12.東大通パーク2.mono.1.wav",
  "loudness": 2.1031707020253467,
  "sharpness": 0.8917453670668556,
  "roughness": 0.017206761525648165
}