{
  "wav_path": "data/wav-splits/12.東大通パーク2.mono.2.wav",
  "loudness": 2.423363657410346,
  "sharpness": 0.9324597245098191,
  "roughness": 0.012779071925970345
}