{
  "wav_path": "data/wav-splits/12.東大通パーク2.mono.5.wav",
  "loudness": 2.6669893360347494,
  "sharpness": 0.9186531583523335,
  "roughness": 0.008340562358116477
}