{
  "wav_path": "data/wav-splits/12.東大通パーク2.mono.0.wav",
  "loudness": 1.9142495434558755,
  "sharpness": 0.898301308292741,
  "roughness": 0.008475555545096228
}