{
  "wav_path": "data/wav-splits/13.浜松朝.mono.0.wav",
  "loudness": 1.0764671313828493,
  "sharpness": 0.8754799596470699,
  "roughness": 0.003082029427508957
}