{
  "wav_path": "data/wav-splits/13.浜松朝.mono.5.wav",
  "loudness": 1.8469048194861124,
  "sharpness": 1.0032291596286267,
  "roughness": 0.013797461929505822
}