{
  "wav_path": "data/wav-splits/13.浜松朝.mono.2.wav",
  "loudness": 1.426742387504206,
  "sharpness": 0.9330094782326618,
  "roughness": 0.0033242017238284244
}