{
  "wav_path": "data/wav-splits/14.阿佐ヶ谷シェアハウス前雨.mono.2.wav",
  "loudness": 2.6488296137596286,
  "sharpness": 1.4514349719822952,
  "roughness": 0.018239125429028696
}