{
  "wav_path": "data/wav-splits/14.阿佐ヶ谷シェアハウス前雨.mono.4.wav",
  "loudness": 2.925785732970206,
  "sharpness": 1.6274904980457205,
  "roughness": 0.010616001620244593
}