{
  "wav_path": "data/wav-splits/14.阿佐ヶ谷シェアハウス前雨.mono.0.wav",
  "loudness": 2.6611342760052725,
  "sharpness": 1.440390698555309,
  "roughness": 0.013058805826005904
}