{
  "wav_path": "data/wav-splits/14.阿佐ヶ谷シェアハウス前雨.mono.3.wav",
  "loudness": 2.605682294552519,
  "sharpness": 1.460305568307953,
  "roughness": 0.010933290231358528
}