{
  "wav_path": "data/wav-splits/15.新宿駅湘南新宿ライン1番プラットホーム.mono.1.wav",
  "loudness": 14.616992209283508,
  "sharpness": 1.3014544022066397,
  "roughness": 0.035430056990673434
}