{
  "wav_path": "data/wav-splits/15.新宿駅湘南新宿ライン1番プラットホーム.mono.4.wav",
  "loudness": 11.468744868793397,
  "sharpness": 1.260386683074744,
  "roughness": 0.04582953151758034
}