{
  "wav_path": "data/wav-splits/15.新宿駅湘南新宿ライン1番プラットホーム.mono.2.wav",
  "loudness": 16.222477079349996,
  "sharpness": 1.3241865834815572,
  "roughness": 0.04939020352907204
}