{
  "wav_path": "data/wav-splits/16.新川崎駅高架.mono.4.wav",
  "loudness": 11.018506080339453,
  "sharpness": 1.3432409028589822,
  "roughness": 0.033978852633453786
}