{
  "wav_path": "data/wav-splits/16.新川崎駅高架.mono.2.wav",
  "loudness": 9.139847657631343,
  "sharpness": 1.2930780696561701,
  "roughness": 0.028875169797084155
}