{
  "wav_path": "data/wav-splits/16.新川崎駅高架.mono.5.wav",
  "loudness": 9.654685536510673,
  "sharpness": 1.3192482252758522,
  "roughness": 0.02575463666604406
}