{
  "wav_path": "data/wav-splits/16.新川崎駅高架.mono.0.wav",
  "loudness": 8.921951181513535,
  "sharpness": 1.2688955992842201,
  "roughness": 0.029699329351033754
}