{
  "wav_path": "data/wav-splits/16.新川崎駅高架.mono.1.wav",
  "loudness": 9.725269106095313,
  "sharpness": 1.2832211711475243,
  "roughness": 0.027352942686179382
}