{
  "wav_path": "data/wav-splits/17.渋谷スクランブル交差点.mono.3.wav",
  "loudness": 14.99098151168176,
  "sharpness": 1.1439219949291093,
  "roughness": 0.03794649075110584
}