{
  "wav_path": "data/wav-splits/17.渋谷スクランブル交差点.mono.2.wav",
  "loudness": 14.494438426051444,
  "sharpness": 1.1218109343664167,
  "roughness": 0.040144471047847664
}