{
  "wav_path": "data/wav-splits/17.渋谷スクランブル交差点.mono.4.wav",
  "loudness": 16.702874804794067,
  "sharpness": 1.121948552948455,
  "roughness": 0.04186458175877696
}