{
  "wav_path": "data/wav-splits/18.渋谷センター街.mono.1.wav",
  "loudness": 15.26444643099278,
  "sharpness": 1.1915516254317682,
  "roughness": 0.04779352307170117
}