{
  "wav_path": "data/wav-splits/18.渋谷センター街.mono.4.wav",
  "loudness": 15.039718113614855,
  "sharpness": 1.1605337447233723,
  "roughness": 0.042647424717297745
}