{
  "wav_path": "data/wav-splits/18.渋谷センター街.mono.2.wav",
  "loudness": 15.271417699488397,
  "sharpness": 1.18806732411933,
  "roughness": 0.04276161106395132
}