{
  "wav_path": "data/wav-splits/18.渋谷センター街.mono.5.wav",
  "loudness": 15.331264586202119,
  "sharpness": 1.2100568098258493,
  "roughness": 0.03813392235009468
}