{
  "wav_path": "data/wav-splits/3.夜行バス清水.mono.2.wav",
  "loudness": 9.349147533162316,
  "sharpness": 0.5935301764446445,
  "roughness": 0.07347156867543136
}