{
  "wav_path": "data/wav-splits/3.夜行バス清水.mono.0.wav",
  "loudness": 10.096507916312362,
  "sharpness": 0.5456599855782177,
  "roughness": 0.0637776871105956
}