{
  "wav_path": "data/wav-splits/3.夜行バス清水.mono.1.wav",
  "loudness": 9.776855668561433,
  "sharpness": 0.5851974942244894,
  "roughness": 0.07855032782064057
}