{
  "wav_path": "data/wav-splits/3.夜行バス清水.mono.3.wav",
  "loudness": 9.107443031764255,
  "sharpness": 0.580828619457043,
  "roughness": 0.06726554028199577
}