{
  "wav_path": "data/wav-splits/4.大阪梅田.mono.4.wav",
  "loudness": 9.802128947303983,
  "sharpness": 1.2039317782128784,
  "roughness": 0.020712895031600818
}