{
  "wav_path": "data/wav-splits/4.大阪梅田.mono.2.wav",
  "loudness": 2.4944599970285513,
  "sharpness": 0.9751362311374177,
  "roughness": 0.015880573960466323
}