{
  "wav_path": "data/wav-splits/4.大阪梅田.mono.3.wav",
  "loudness": 4.02747138700026,
  "sharpness": 0.9962605940770736,
  "roughness": 0.014614696726608983
}