{
  "wav_path": "data/wav-splits/4.大阪梅田.mono.0.wav",
  "loudness": 2.0494495379085045,
  "sharpness": 1.0825530245886748,
  "roughness": 0.005015401495778822
}