{
  "wav_path": "data/wav-splits/5.うめだ駅構内.mono.5.wav",
  "loudness": 3.3232850920075143,
  "sharpness": 1.0763266024851725,
  "roughness": 0.035015005141509715
}