{
  "wav_path": "data/wav-splits/5.うめだ駅構内.mono.4.wav",
  "loudness": 3.491843717817258,
  "sharpness": 1.047997534961519,
  "roughness": 0.028329452958080273
}