{
  "wav_path": "data/wav-splits/6.地下鉄梅田御堂筋線.mono.1.wav",
  "loudness": 7.355854395022041,
  "sharpness": 1.2027905930993275,
  "roughness": 0.03642756627110578
}