{
  "wav_path": "data/wav-splits/6.地下鉄梅田御堂筋線.mono.3.wav",
  "loudness": 16.409428791811493,
  "sharpness": 0.9532914349036147,
  "roughness": 0.03459371494535216
}