{
  "wav_path": "data/wav-splits/6.地下鉄梅田御堂筋線.mono.4.wav",
  "loudness": 14.489971774522713,
  "sharpness": 0.9975945633237836,
  "roughness": 0.03627712526684323
}