{
  "wav_path": "data/wav-splits/6.地下鉄梅田御堂筋線.mono.0.wav",
  "loudness": 7.100841740928209,
  "sharpness": 1.1426400100805443,
  "roughness": 0.02394293185248228
}