{
  "wav_path": "data/wav-splits/6.地下鉄梅田御堂筋線.mono.5.wav",
  "loudness": 14.866193756797708,
  "sharpness": 1.1128879090733377,
  "roughness": 0.03926324592600495
}