{
  "wav_path": "data/wav-splits/7.近鉄あべの橋車内.mono.0.wav",
  "loudness": 11.123591648241046,
  "sharpness": 1.1360710018806515,
  "roughness": 0.029768990308074856
}