{
  "wav_path": "data/wav-splits/7.近鉄あべの橋車内.mono.2.wav",
  "loudness": 11.427490684323839,
  "sharpness": 1.104687259412097,
  "roughness": 0.038763105726803686
}