{
  "wav_path": "data/wav-splits/7.近鉄あべの橋車内.mono.3.wav",
  "loudness": 11.674111645551482,
  "sharpness": 1.1057709806085818,
  "roughness": 0.03201977346325428
}