{
  "wav_path": "data/wav-splits/7.近鉄あべの橋車内.mono.5.wav",
  "loudness": 11.193227304028799,
  "sharpness": 1.1107883470648048,
  "roughness": 0.037409274458482474
}