{
  "wav_path": "data/wav-splits/8.近鉄河内長野-藤井寺車内.mono.0.wav",
  "loudness": 2.5879928600749276,
  "sharpness": 2.0110275084075853,
  "roughness": 0.004656350206053406
}