{
  "wav_path": "data/wav-splits/8.近鉄河内長野-藤井寺車内.mono.1.wav",
  "loudness": 1.625755555903456,
  "sharpness": 1.4086464237003236,
  "roughness": 0.0036837308538591046
}