{
  "wav_path": "data/wav-splits/8.近鉄河内長野-藤井寺車内.mono.4.wav",
  "loudness": 5.435765291771637,
  "sharpness": 1.2916257214815672,
  "roughness": 0.0193441682816057
}