{
  "wav_path": "data/wav-splits/8.近鉄河内長野-藤井寺車内.mono.2.wav",
  "loudness": 1.4406907248336804,
  "sharpness": 0.9489469453004252,
  "roughness": 0.0037936397254460727
}