{
  "wav_path": "data/wav-splits/9.白鳥神社.mono.3.wav",
  "loudness": 0.974769264464562,
  "sharpness": 1.029806901239756,
  "roughness": 0.0063621796199335124
}