{
  "wav_path": "data/wav-splits/9.白鳥神社.mono.5.wav",
  "loudness": 0.7882600761578489,
  "sharpness": 0.9741520805620705,
  "roughness": 0.0032809565650408676
}