{
  "wav_path": "data/wav-splits/9.白鳥神社.mono.1.wav",
  "loudness": 0.6424454324940562,
  "sharpness": 1.0046535389350693,
  "roughness": 0.0028926164163712684
}