{
  "wav_path": "data/wav-splits/9.白鳥神社.mono.0.wav",
  "loudness": 1.5311133014072418,
  "sharpness": 1.5019027999164651,
  "roughness": 0.006580344551932887
}