{
  "wav_path": "../data/01_raw/1_boubakiki_mono/1_bouba_woman.mono.wav",
  "loudness": 0.11769886984768958,
  "sharpness": 0.1018109135934373,
  "roughness": 0.00018512843636952266
}