{
  "wav_path": "../data/01_raw/1_boubakiki_mono/2_kiki_woman.mono.wav",
  "loudness": 0.0814126856203707,
  "sharpness": 0.1668199477791108,
  "roughness": 0.0006456652175809099
}