{
  "wav_path": "../data/01_raw/1_boubakiki_mono/3_bouba_like_kiki_woman.mono.wav",
  "loudness": 0.14624437542663632,
  "sharpness": 0.43933036207632764,
  "roughness": 0.0006754595291678246
}