{
  "wav_path": "../data/01_raw/1_boubakiki_mono/4_kiki_like_bouba_woman.mono.wav",
  "loudness": 0.0962361734304279,
  "sharpness": 0.18937799271925015,
  "roughness": 3.3916083778458026e-05
}