{
  "wav_path": "../data/01_raw/1_boubakiki_mono/5_bouba_man.mono.wav",
  "loudness": 0.3350957399448836,
  "sharpness": 0.24109389408880386,
  "roughness": 0.002297409885652794
}