{
  "wav_path": "../data/01_raw/1_boubakiki_mono/6_kiki_man.mono.wav",
  "loudness": 0.16735009231059933,
  "sharpness": 0.36567412059623944,
  "roughness": 0.000483245191333692
}