{
  "wav_path": "../data/01_raw/1_boubakiki_mono/7_bouba_like_kiki_man.mono.wav",
  "loudness": 0.55874399424542,
  "sharpness": 0.7784204958767281,
  "roughness": 0.008419526273461986
}