{
  "wav_path": "../data/01_raw/1_boubakiki_mono/8_kiki_like_bouba_man.mono.wav",
  "loudness": 0.2507883750913262,
  "sharpness": 0.514828654162725,
  "roughness": 0.0043704109519033625
}