{
  "wav_path": "data/wav-splits/1.バスタ新宿 4f 高速バス乗り場 C7乗り場前.mono.5.wav",
  "loudness": 4.156913766247703,
  "sharpness": 1.048001254609547,
  "roughness": 0.016158952213198862
}