{
  "wav_path": "data/wav-splits/1.バスタ新宿 4f 高速バス乗り場 C7乗り場前.mono.0.wav",
  "loudness": 4.565387384473564,
  "sharpness": 1.0940113929801556,
  "roughness": 0.017140287110175716
}