{
  "wav_path": "data/wav-splits/10.古市小学校前.mono.2.wav",
  "loudness": 1.1539997444438732,
  "sharpness": 1.0588602926769677,
  "roughness": 0.005486321107024808
}