{
  "wav_path": "data/wav-splits/10.古市小学校前.mono.1.wav",
  "loudness": 1.334432034474432,
  "sharpness": 1.0101110866960152,
  "roughness": 0.01173858952145108
}