{
  "wav_path": "data/wav-splits/11.東大通パーク.mono.4.wav",
  "loudness": 2.3622847241013156,
  "sharpness": 0.9160495368863288,
  "roughness": 0.15215694744271138
}