{
  "wav_path": "data/wav-splits/11.東大通パーク.mono.3.wav",
  "loudness": 2.4975953689016808,
  "sharpness": 1.1822088373159194,
  "roughness": 0.07714779748305332
}