{
  "wav_path": "data/wav-splits/12.東大通パーク2.mono.3.wav",
  "loudness": 2.8430196115545785,
  "sharpness": 0.9731257950693635,
  "roughness": 0.011828011939747918
}