{
  "wav_path": "data/wav-splits/12.東大通パーク2.mono.4.wav",
  "loudness": 2.856509258733315,
  "sharpness": 0.9314419523818825,
  "roughness": 0.036512659768079665
}