{
  "wav_path": "data/wav-splits/13.浜松朝.mono.4.wav",
  "loudness": 1.8847036918952378,
  "sharpness": 1.0890006506481233,
  "roughness": 0.005790478040294706
}