{
  "wav_path": "data/wav-splits/13.浜松朝.mono.1.wav",
  "loudness": 1.2395099076127567,
  "sharpness": 0.8831427197684559,
  "roughness": 0.002853286569361352
}