{
  "wav_path": "data/wav-splits/13.浜松朝.mono.3.wav",
  "loudness": 1.5339715318146703,
  "sharpness": 0.8763826859026691,
  "roughness": 0.005120809138510429
}