{
  "wav_path": "data/wav-splits/14.阿佐ヶ谷シェアハウス前雨.mono.5.wav",
  "loudness": 2.7433319212450624,
  "sharpness": 1.4842254262242711,
  "roughness": 0.009579731794463647
}