{
  "wav_path": "data/wav-splits/14.阿佐ヶ谷シェアハウス前雨.mono.1.wav",
  "loudness": 2.7154184728263333,
  "sharpness": 1.491825382313842,
  "roughness": 0.0126244206191758
}