{
  "wav_path": "data/wav-splits/15.新宿駅湘南新宿ライン1番プラットホーム.mono.5.wav",
  "loudness": 7.465786960085458,
  "sharpness": 1.360201358429481,
  "roughness": 0.03681082987330774
}