{
  "wav_path": "data/wav-splits/15.新宿駅湘南新宿ライン1番プラットホーム.mono.0.wav",
  "loudness": 15.646563091186975,
  "sharpness": 1.2105821196929174,
  "roughness": 0.05071079644375587
}