{
  "wav_path": "data/wav-splits/15.新宿駅湘南新宿ライン1番プラットホーム.mono.3.wav",
  "loudness": 13.127819087612911,
  "sharpness": 1.238696289249953,
  "roughness": 0.05298870197714778
}