{
  "wav_path": "data/wav-splits/16.新川崎駅高架.mono.3.wav",
  "loudness": 9.604684861761985,
  "sharpness": 1.2918849914077073,
  "roughness": 0.024761051335648862
}