{
  "wav_path": "data/wav-splits/17.渋谷スクランブル交差点.mono.1.wav",
  "loudness": 11.983670434951865,
  "sharpness": 1.162667663034781,
  "roughness": 0.037405117129941344
}