{
  "wav_path": "data/wav-splits/17.渋谷スクランブル交差点.mono.0.wav",
  "loudness": 12.026786763345532,
  "sharpness": 1.2032915816774563,
  "roughness": 0.0372714274910364
}