{
  "wav_path": "data/wav-splits/17.渋谷スクランブル交差点.mono.5.wav",
  "loudness": 18.493532436113643,
  "sharpness": 1.1362228322468924,
  "roughness": 0.04880575575897254
}