{
  "wav_path": "data/wav-splits/18.渋谷センター街.mono.3.wav",
  "loudness": 15.426600450205646,
  "sharpness": 1.190434154257414,
  "roughness": 0.037305257019284215
}