{
  "wav_path": "data/wav-splits/18.渋谷センター街.mono.0.wav",
  "loudness": 15.596379027064433,
  "sharpness": 1.212741149749232,
  "roughness": 0.04919657178214131
}