{
  "wav_path": "data/wav-splits/2.新宿駅JR中央線東京行きプラットホーム.mono.1.wav",
  "loudness": 20.997109799984166,
  "sharpness": 1.2511438957170087,
  "roughness": 0.04035418196797207
}