{
  "wav_path": "data/wav-splits/2.新宿駅JR中央線東京行きプラットホーム.mono.4.wav",
  "loudness": 14.408463192844517,
  "sharpness": 1.2152302338419536,
  "roughness": 0.03297973703391104
}