{
  "wav_path": "data/wav-splits/2.新宿駅JR中央線東京行きプラットホーム.mono.2.wav",
  "loudness": 14.998969760505831,
  "sharpness": 1.208636948419842,
  "roughness": 0.032181396824976616
}