{
  "wav_path": "data/wav-splits/2.新宿駅JR中央線東京行きプラットホーム.mono.0.wav",
  "loudness": 16.545362131056155,
  "sharpness": 1.2042943200490903,
  "roughness": 0.04425055894852554
}