{
  "wav_path": "data/wav-splits/2.新宿駅JR中央線東京行きプラットホーム.mono.5.wav",
  "loudness": 11.954154044814155,
  "sharpness": 1.1535395590151358,
  "roughness": 0.028599918930117114
}