{
  "wav_path": "data/wav-splits/2.新宿駅JR中央線東京行きプラットホーム.mono.3.wav",
  "loudness": 14.287640794370278,
  "sharpness": 1.2685366444870054,
  "roughness": 0.03490019575457631
}