{
  "wav_path": "data/wav-splits/3.夜行バス清水.mono.4.wav",
  "loudness": 8.76399045296479,
  "sharpness": 0.6113216486354097,
  "roughness": 0.09060528296097736
}