{
  "wav_path": "data/wav-splits/3.夜行バス清水.mono.5.wav",
  "loudness": 9.179410239188664,
  "sharpness": 0.5870464553310536,
  "roughness": 0.059342468997341226
}