{
  "wav_path": "data/wav-splits/4.大阪梅田.mono.5.wav",
  "loudness": 8.748728506225216,
  "sharpness": 1.2202679544759818,
  "roughness": 0.02326648748484622
}