{
  "wav_path": "data/wav-splits/4.大阪梅田.mono.1.wav",
  "loudness": 2.058637836339811,
  "sharpness": 0.9845519923927979,
  "roughness": 0.0391980300247494
}