{
  "wav_path": "data/wav-splits/5.うめだ駅構内.mono.1.wav",
  "loudness": 3.635122750704238,
  "sharpness": 1.0723005898023392,
  "roughness": 0.025722543796799103
}