{
  "wav_path": "data/wav-splits/5.うめだ駅構内.mono.0.wav",
  "loudness": 4.034026228790174,
  "sharpness": 1.0772045563847563,
  "roughness": 0.057282785390471935
}