{
  "wav_path": "data/wav-splits/5.うめだ駅構内.mono.3.wav",
  "loudness": 3.504842366608751,
  "sharpness": 1.0543660469477827,
  "roughness": 0.025645760323141076
}