{
  "wav_path": "data/wav-splits/5.うめだ駅構内.mono.2.wav",
  "loudness": 3.9103464320279446,
  "sharpness": 1.1408139614609178,
  "roughness": 0.03732913908055666
}