{
  "wav_path": "data/wav-splits/6.地下鉄梅田御堂筋線.mono.2.wav",
  "loudness": 8.768736721173797,
  "sharpness": 1.129946019045807,
  "roughness": 0.027727651525403695
}