{
  "wav_path": "data/wav-splits/7.近鉄あべの橋車内.mono.4.wav",
  "loudness": 11.409385644713113,
  "sharpness": 1.1247531573903808,
  "roughness": 0.03426230660839104
}