{
  "wav_path": "data/wav-splits/7.近鉄あべの橋車内.mono.1.wav",
  "loudness": 11.525140927224225,
  "sharpness": 1.1200120172755321,
  "roughness": 0.035843713047475544
}