{
  "wav_path": "data/wav-splits/8.近鉄河内長野-藤井寺車内.mono.5.wav",
  "loudness": 5.46273433618656,
  "sharpness": 1.2236944546041446,
  "roughness": 0.016992930659540304
}