{
  "wav_path": "data/wav-splits/8.近鉄河内長野-藤井寺車内.mono.3.wav",
  "loudness": 2.3620960958354362,
  "sharpness": 1.0684298451148195,
  "roughness": 0.005041260319371954
}