{
  "wav_path": "data/wav-splits/9.白鳥神社.mono.2.wav",
  "loudness": 0.7264885077627584,
  "sharpness": 1.069990308328533,
  "roughness": 0.0030632789218867002
}