{
  "wav_path": "data/wav-splits/9.白鳥神社.mono.4.wav",
  "loudness": 1.2644202346709,
  "sharpness": 1.061611980648041,
  "roughness": 0.0036949505656486033
}